<?xml version = '1.0' encoding = 'UTF-8'?>
<Diagram class="oracle.dbtools.crest.swingui.logical.DPVLogical" name="Logical" id="AF6D9BAD-2745-8992-A04B-26D36CFAECD9">
<createdBy>javier</createdBy>
<modifiedBy>javier</modifiedBy>
<createdTime>2024-08-26 16:03:20 UTC</createdTime>
<autoRoute>false</autoRoute>
<boxInbox>true</boxInbox>
<showLegend>false</showLegend>
<showLabels>true</showLabels>
<showRelAttributes>false</showRelAttributes>
<gridEnabled>false</gridEnabled>
<showGrid>false</showGrid>
<diagramColor>-1</diagramColor>
<display>false</display>
<notation>1</notation>
<showComments>true</showComments>
<objectViews>
<OView class="oracle.dbtools.crest.swingui.logical.TVEntity" oid="4A4EB4E1-44CE-5940-925F-FE71EB7ED6D6" otype="Entity" vid="67B08016-5FEB-3812-FB8E-426F28740B7E">
<hideElementsInCurrentOnly>false</hideElementsInCurrentOnly>
<bounds x="325" y="317" width="209" height="131"/>
</OView>
<OView class="oracle.dbtools.crest.swingui.logical.TVEntity" oid="4E152746-9D01-1012-5511-7ACAB4B6CB6A" otype="Entity" vid="68150F46-83A0-4AC5-7F9C-CE1C6C15DAE6">
<hideElementsInCurrentOnly>false</hideElementsInCurrentOnly>
<bounds x="44" y="62" width="199" height="114"/>
</OView>
<OView class="oracle.dbtools.crest.swingui.logical.TVEntity" oid="AAF9E0D1-899D-A374-2A71-C0A069ECCA39" otype="Entity" vid="4E9EBC66-B9F7-48AF-33A8-B73CF6CD41F7">
<hideElementsInCurrentOnly>false</hideElementsInCurrentOnly>
<bounds x="596" y="50" width="230" height="128"/>
</OView>
</objectViews>
<connectors>
<Connector class="oracle.dbtools.crest.swingui.logical.TVRelation" oid="2409ECA6-5B5B-FAFF-1DE3-680BD0CD08A0" otype="Relation" vid_source="4E9EBC66-B9F7-48AF-33A8-B73CF6CD41F7" vid_target="67B08016-5FEB-3812-FB8E-426F28740B7E">
<hideElementsInCurrentOnly>false</hideElementsInCurrentOnly>
<backgroundColor>-16777216</backgroundColor>
<lineWidth>1</lineWidth>
<sourceLabel class="oracle.dbtools.crest.model.design.Label">
<site>0</site>
<labelBounds x="643" y="214" width="40" height="30"/>
<noBackgroundColor>true</noBackgroundColor>
<noForegroundColor>true</noForegroundColor>
</sourceLabel>
<targetLabel class="oracle.dbtools.crest.model.design.Label">
<site>2</site>
<labelBounds x="498" y="281" width="103" height="30"/>
<noBackgroundColor>true</noBackgroundColor>
<noForegroundColor>true</noForegroundColor>
</targetLabel>
<points>
<point x="643" y="178"/>
<point x="498" y="317"/>
</points>
</Connector>
<Connector class="oracle.dbtools.crest.swingui.logical.TVRelation" oid="7F338229-A3D6-5638-05DD-1F0B7658F13E" otype="Relation" vid_source="68150F46-83A0-4AC5-7F9C-CE1C6C15DAE6" vid_target="67B08016-5FEB-3812-FB8E-426F28740B7E">
<hideElementsInCurrentOnly>false</hideElementsInCurrentOnly>
<backgroundColor>-16777216</backgroundColor>
<lineWidth>1</lineWidth>
<sourceLabel class="oracle.dbtools.crest.model.design.Label">
<site>0</site>
<labelBounds x="205" y="212" width="40" height="30"/>
<noBackgroundColor>true</noBackgroundColor>
<noForegroundColor>true</noForegroundColor>
</sourceLabel>
<targetLabel class="oracle.dbtools.crest.model.design.Label">
<site>2</site>
<labelBounds x="358" y="281" width="64" height="30"/>
<noBackgroundColor>true</noBackgroundColor>
<noForegroundColor>true</noForegroundColor>
</targetLabel>
<points>
<point x="205" y="176"/>
<point x="358" y="317"/>
</points>
</Connector>
<Connector class="oracle.dbtools.crest.swingui.logical.TVRelation" oid="8F26FB84-B5FD-D97C-32A5-31710F078004" otype="Relation" vid_source="68150F46-83A0-4AC5-7F9C-CE1C6C15DAE6" vid_target="4E9EBC66-B9F7-48AF-33A8-B73CF6CD41F7">
<hideElementsInCurrentOnly>false</hideElementsInCurrentOnly>
<backgroundColor>-16777216</backgroundColor>
<lineWidth>1</lineWidth>
<sourceLabel class="oracle.dbtools.crest.model.design.Label">
<site>0</site>
<labelBounds x="253" y="119" width="40" height="30"/>
<noBackgroundColor>true</noBackgroundColor>
<noForegroundColor>true</noForegroundColor>
</sourceLabel>
<targetLabel class="oracle.dbtools.crest.model.design.Label">
<site>2</site>
<labelBounds x="526" y="152" width="64" height="30"/>
<noBackgroundColor>true</noBackgroundColor>
<noForegroundColor>true</noForegroundColor>
</targetLabel>
<points>
<point x="243" y="149"/>
<point x="596" y="149"/>
</points>
</Connector>
</connectors>
</Diagram>