<?xml version = '1.0' encoding = 'UTF-8'?>
<Entity class="oracle.dbtools.crest.model.design.logical.Entity" directorySegmentName="seg_0" id="4A4EB4E1-44CE-5940-925F-FE71EB7ED6D6" name="INJERTO">
<createdBy>javier</createdBy>
<createdTime>2024-08-26 16:08:52 UTC</createdTime>
<ownerDesignName>Exp1_S3_Javier_Nunez</ownerDesignName>
<engineerTo>
<item key="5976561B-61F4-3221-2C86-79990173C852" value="true"/>
</engineerTo>
<adequatelyNormalized>NO</adequatelyNormalized>
<expectedVolumes>0</expectedVolumes>
<fwdEngineeringStrategyName>Single Table</fwdEngineeringStrategyName>
<growthPercent>0</growthPercent>
<growthType>Year</growthType>
<maxVolumes>9999999</maxVolumes>
<minVolumes>0</minVolumes>
<normalForm>Third</normalForm>
<attributes itemClass="oracle.dbtools.crest.model.design.logical.Attribute">
<Attribute name="id_injerto" id="F641892F-A447-B4B7-CE9A-E117F2E3C9BE">
<createdBy>javier</createdBy>
<createdTime>2024-08-26 16:08:59 UTC</createdTime>
<ownerDesignName>Exp1_S3_Javier_Nunez</ownerDesignName>
<engineerTo>
<item key="5976561B-61F4-3221-2C86-79990173C852" value="true"/>
</engineerTo>
<useDomainConstraints>false</useDomainConstraints>
<use>1</use>
<logicalDatatype>LOGDT019</logicalDatatype>
<dataTypePrecision>10</dataTypePrecision>
<ownDataTypeParameters>,10,</ownDataTypeParameters>
</Attribute>
<Attribute name="especie_injerto" id="FEB84BEE-7F4C-7DFE-DF4D-3EA35DB9C1A0">
<createdBy>javier</createdBy>
<createdTime>2024-08-26 16:09:13 UTC</createdTime>
<ownerDesignName>Exp1_S3_Javier_Nunez</ownerDesignName>
<engineerTo>
<item key="5976561B-61F4-3221-2C86-79990173C852" value="true"/>
</engineerTo>
<useDomainConstraints>false</useDomainConstraints>
<use>1</use>
<logicalDatatype>LOGDT024</logicalDatatype>
<dataTypeSize>20</dataTypeSize>
<ownDataTypeParameters>20,,</ownDataTypeParameters>
</Attribute>
<Attribute name="variedad_injerto" id="92EAD110-DF29-EDDA-0CBB-A840C39E6D64">
<createdBy>javier</createdBy>
<createdTime>2024-08-26 16:09:46 UTC</createdTime>
<ownerDesignName>Exp1_S3_Javier_Nunez</ownerDesignName>
<engineerTo>
<item key="5976561B-61F4-3221-2C86-79990173C852" value="true"/>
</engineerTo>
<useDomainConstraints>false</useDomainConstraints>
<use>1</use>
<logicalDatatype>LOGDT024</logicalDatatype>
<dataTypeSize>20</dataTypeSize>
<ownDataTypeParameters>20,,</ownDataTypeParameters>
</Attribute>
<Attribute name="id_arbol" id="2F3DF78F-58E3-01F1-68BB-09B45E099FDB">
<createdBy>javier</createdBy>
<createdTime>2024-08-26 16:10:52 UTC</createdTime>
<generatorID>2409ECA6-5B5B-FAFF-1DE3-680BD0CD08A0</generatorID>
<ownerDesignName>Exp1_S3_Javier_Nunez</ownerDesignName>
<engineerTo>
<item key="5976561B-61F4-3221-2C86-79990173C852" value="true"/>
</engineerTo>
<referedAttribute>E657769A-B7A7-9CBE-5F38-6C9A70C7B6A2</referedAttribute>
<useDomainConstraints>false</useDomainConstraints>
<use>1</use>
<logicalDatatype>LOGDT019</logicalDatatype>
<dataTypePrecision>20</dataTypePrecision>
<ownDataTypeParameters>,,</ownDataTypeParameters>
</Attribute>
<Attribute name="id_huerto" id="27292D73-18A6-BE6F-3A7F-DEE3744E9EAE">
<createdBy>javier</createdBy>
<createdTime>2024-08-26 17:24:11 UTC</createdTime>
<generatorID>7F338229-A3D6-5638-05DD-1F0B7658F13E</generatorID>
<ownerDesignName>Exp1_S3_Javier_Nunez</ownerDesignName>
<engineerTo>
<item key="5976561B-61F4-3221-2C86-79990173C852" value="true"/>
</engineerTo>
<referedAttribute>5556F4CE-99EE-6A0C-38ED-5BD19BD2AC8F</referedAttribute>
<useDomainConstraints>false</useDomainConstraints>
<use>1</use>
<logicalDatatype>LOGDT019</logicalDatatype>
<dataTypePrecision>10</dataTypePrecision>
<ownDataTypeParameters>,,</ownDataTypeParameters>
</Attribute>
</attributes>
<identifiers itemClass="oracle.dbtools.crest.model.design.logical.CandidateKey">
<identifier id="8058CECD-946C-1D16-7A84-DE1A0F21E8AD" name="INJERTO PK">
<createdBy>javier</createdBy>
<createdTime>2024-08-26 16:09:11 UTC</createdTime>
<ownerDesignName>Exp1_S3_Javier_Nunez</ownerDesignName>
<engineerTo>
<item key="5976561B-61F4-3221-2C86-79990173C852" value="true"/>
</engineerTo>
<pk>true</pk>
<usedAttributes>
<attributeRef>F641892F-A447-B4B7-CE9A-E117F2E3C9BE</attributeRef>
</usedAttributes>
</identifier>
</identifiers>
</Entity>