<?xml version = '1.0' encoding = 'UTF-8'?>
<Entity class="oracle.dbtools.crest.model.design.logical.Entity" directorySegmentName="seg_0" id="4E152746-9D01-1012-5511-7ACAB4B6CB6A" name="HUERTO">
<createdBy>javier</createdBy>
<createdTime>2024-08-26 16:03:20 UTC</createdTime>
<ownerDesignName>Exp1_S3_Javier_Nunez</ownerDesignName>
<engineerTo>
<item key="5976561B-61F4-3221-2C86-79990173C852" value="true"/>
</engineerTo>
<adequatelyNormalized>NO</adequatelyNormalized>
<expectedVolumes>0</expectedVolumes>
<fwdEngineeringStrategyName>Single Table</fwdEngineeringStrategyName>
<growthPercent>0</growthPercent>
<growthType>Year</growthType>
<maxVolumes>9999999</maxVolumes>
<minVolumes>0</minVolumes>
<normalForm>Third</normalForm>
<attributes itemClass="oracle.dbtools.crest.model.design.logical.Attribute">
<Attribute name="id_huerto" id="5556F4CE-99EE-6A0C-38ED-5BD19BD2AC8F">
<createdBy>javier</createdBy>
<createdTime>2024-08-26 16:03:41 UTC</createdTime>
<ownerDesignName>Exp1_S3_Javier_Nunez</ownerDesignName>
<engineerTo>
<item key="5976561B-61F4-3221-2C86-79990173C852" value="true"/>
</engineerTo>
<useDomainConstraints>false</useDomainConstraints>
<use>1</use>
<logicalDatatype>LOGDT019</logicalDatatype>
<dataTypePrecision>10</dataTypePrecision>
<ownDataTypeParameters>,10,</ownDataTypeParameters>
</Attribute>
<Attribute name="nombre_huerto" id="B930F2A0-1D97-88DD-EBEA-8418B85DC343">
<createdBy>javier</createdBy>
<createdTime>2024-08-26 16:04:03 UTC</createdTime>
<ownerDesignName>Exp1_S3_Javier_Nunez</ownerDesignName>
<engineerTo>
<item key="5976561B-61F4-3221-2C86-79990173C852" value="true"/>
</engineerTo>
<useDomainConstraints>false</useDomainConstraints>
<use>1</use>
<logicalDatatype>LOGDT024</logicalDatatype>
<dataTypeSize>20</dataTypeSize>
<ownDataTypeParameters>20,,</ownDataTypeParameters>
</Attribute>
<Attribute name="area_huerto" id="76DCAC32-DA55-D4A1-CDFC-286E4B2E6CC0">
<createdBy>javier</createdBy>
<createdTime>2024-08-26 16:04:46 UTC</createdTime>
<ownerDesignName>Exp1_S3_Javier_Nunez</ownerDesignName>
<engineerTo>
<item key="5976561B-61F4-3221-2C86-79990173C852" value="true"/>
</engineerTo>
<useDomainConstraints>false</useDomainConstraints>
<use>1</use>
<logicalDatatype>LOGDT024</logicalDatatype>
<dataTypeSize>20</dataTypeSize>
<ownDataTypeParameters>20,,</ownDataTypeParameters>
</Attribute>
</attributes>
<identifiers itemClass="oracle.dbtools.crest.model.design.logical.CandidateKey">
<identifier id="A953C48F-E135-7B72-86AD-97AF4A0CB963" name="HUERTO PK">
<createdBy>javier</createdBy>
<createdTime>2024-08-26 16:03:56 UTC</createdTime>
<ownerDesignName>Exp1_S3_Javier_Nunez</ownerDesignName>
<engineerTo>
<item key="5976561B-61F4-3221-2C86-79990173C852" value="true"/>
</engineerTo>
<pk>true</pk>
<usedAttributes>
<attributeRef>5556F4CE-99EE-6A0C-38ED-5BD19BD2AC8F</attributeRef>
</usedAttributes>
</identifier>
</identifiers>
</Entity>