<?xml version = '1.0' encoding = 'UTF-8'?>
<Entity class="oracle.dbtools.crest.model.design.logical.Entity" directorySegmentName="seg_0" id="AAF9E0D1-899D-A374-2A71-C0A069ECCA39" name="ARBOL">
<createdBy>javier</createdBy>
<createdTime>2024-08-26 16:05:48 UTC</createdTime>
<ownerDesignName>Exp1_S3_Javier_Nunez</ownerDesignName>
<engineerTo>
<item key="5976561B-61F4-3221-2C86-79990173C852" value="true"/>
</engineerTo>
<adequatelyNormalized>NO</adequatelyNormalized>
<expectedVolumes>0</expectedVolumes>
<fwdEngineeringStrategyName>Single Table</fwdEngineeringStrategyName>
<growthPercent>0</growthPercent>
<growthType>Year</growthType>
<maxVolumes>9999999</maxVolumes>
<minVolumes>0</minVolumes>
<normalForm>Third</normalForm>
<attributes itemClass="oracle.dbtools.crest.model.design.logical.Attribute">
<Attribute name="id_arbol" id="E657769A-B7A7-9CBE-5F38-6C9A70C7B6A2">
<createdBy>javier</createdBy>
<createdTime>2024-08-26 16:05:59 UTC</createdTime>
<ownerDesignName>Exp1_S3_Javier_Nunez</ownerDesignName>
<engineerTo>
<item key="5976561B-61F4-3221-2C86-79990173C852" value="true"/>
</engineerTo>
<useDomainConstraints>false</useDomainConstraints>
<use>1</use>
<logicalDatatype>LOGDT019</logicalDatatype>
<dataTypePrecision>20</dataTypePrecision>
<ownDataTypeParameters>,20,</ownDataTypeParameters>
</Attribute>
<Attribute name="annio_plantado_arbol" id="7BD825A0-96B6-A032-C16B-3BC05E5EFEFE">
<createdBy>javier</createdBy>
<createdTime>2024-08-26 16:06:30 UTC</createdTime>
<ownerDesignName>Exp1_S3_Javier_Nunez</ownerDesignName>
<engineerTo>
<item key="5976561B-61F4-3221-2C86-79990173C852" value="true"/>
</engineerTo>
<useDomainConstraints>false</useDomainConstraints>
<use>1</use>
<logicalDatatype>LOGDT007</logicalDatatype>
<ownDataTypeParameters>,,</ownDataTypeParameters>
</Attribute>
<Attribute name="annio_muerte_arbol" id="72DC7320-5156-7667-ECF0-BEF48B8E8C55">
<createdBy>javier</createdBy>
<createdTime>2024-08-26 16:06:47 UTC</createdTime>
<ownerDesignName>Exp1_S3_Javier_Nunez</ownerDesignName>
<engineerTo>
<item key="5976561B-61F4-3221-2C86-79990173C852" value="true"/>
</engineerTo>
<useDomainConstraints>false</useDomainConstraints>
<use>1</use>
<logicalDatatype>LOGDT007</logicalDatatype>
<ownDataTypeParameters>,,</ownDataTypeParameters>
</Attribute>
<Attribute name="especie_arbol" id="8B328C71-1AFD-7150-A4BC-4553B226C4F9">
<createdBy>javier</createdBy>
<createdTime>2024-08-26 16:07:00 UTC</createdTime>
<ownerDesignName>Exp1_S3_Javier_Nunez</ownerDesignName>
<engineerTo>
<item key="5976561B-61F4-3221-2C86-79990173C852" value="true"/>
</engineerTo>
<useDomainConstraints>false</useDomainConstraints>
<use>1</use>
<logicalDatatype>LOGDT024</logicalDatatype>
<dataTypeSize>20</dataTypeSize>
<ownDataTypeParameters>20,,</ownDataTypeParameters>
</Attribute>
<Attribute name="variedad_arbol" id="74AFB71D-8231-FA2D-7B34-61ACD8FA898B">
<createdBy>javier</createdBy>
<createdTime>2024-08-26 16:07:58 UTC</createdTime>
<ownerDesignName>Exp1_S3_Javier_Nunez</ownerDesignName>
<engineerTo>
<item key="5976561B-61F4-3221-2C86-79990173C852" value="true"/>
</engineerTo>
<useDomainConstraints>false</useDomainConstraints>
<use>1</use>
<logicalDatatype>LOGDT024</logicalDatatype>
<dataTypeSize>20</dataTypeSize>
<ownDataTypeParameters>20,,</ownDataTypeParameters>
</Attribute>
<Attribute name="id_huerto" id="2324D2E3-F731-CA8E-3D01-01E18AD4C6AB">
<createdBy>javier</createdBy>
<createdTime>2024-08-26 17:18:29 UTC</createdTime>
<generatorID>8F26FB84-B5FD-D97C-32A5-31710F078004</generatorID>
<ownerDesignName>Exp1_S3_Javier_Nunez</ownerDesignName>
<engineerTo>
<item key="5976561B-61F4-3221-2C86-79990173C852" value="true"/>
</engineerTo>
<referedAttribute>5556F4CE-99EE-6A0C-38ED-5BD19BD2AC8F</referedAttribute>
<useDomainConstraints>false</useDomainConstraints>
<use>1</use>
<logicalDatatype>LOGDT019</logicalDatatype>
<dataTypePrecision>10</dataTypePrecision>
<ownDataTypeParameters>,,</ownDataTypeParameters>
</Attribute>
</attributes>
<identifiers itemClass="oracle.dbtools.crest.model.design.logical.CandidateKey">
<identifier id="E5D3015C-DC8B-FB26-C444-1C71879AB480" name="ARBOL PK">
<createdBy>javier</createdBy>
<createdTime>2024-08-26 16:06:27 UTC</createdTime>
<ownerDesignName>Exp1_S3_Javier_Nunez</ownerDesignName>
<engineerTo>
<item key="5976561B-61F4-3221-2C86-79990173C852" value="true"/>
</engineerTo>
<pk>true</pk>
<usedAttributes>
<attributeRef>E657769A-B7A7-9CBE-5F38-6C9A70C7B6A2</attributeRef>
</usedAttributes>
</identifier>
</identifiers>
</Entity>