<?xml version = '1.0' encoding = 'UTF-8'?>
<relationalModel class="oracle.dbtools.crest.model.design.relational.RelationalDesign" name="Relational_1" id="5976561B-61F4-3221-2C86-79990173C852" mainViewID="29FE9F17-36B0-BE31-EAE7-AFEEF62E622F">
<createdBy>javier</createdBy>
<createdTime>2024-08-26 16:02:46 UTC</createdTime>
<ownerDesignName>Exp1_S3_Javier_Nunez</ownerDesignName>
<shouldBeOpen>false</shouldBeOpen>
<selectedRDBMSSite>32076570-2523-435C-2E92-BF29817DFF70</selectedRDBMSSite>
</relationalModel>