<?xml version = '1.0' encoding = 'UTF-8'?>
<Relation class="oracle.dbtools.crest.model.design.logical.Relation" name="ARBOL - INJERTO" directorySegmentName="seg_0" id="2409ECA6-5B5B-FAFF-1DE3-680BD0CD08A0">
<createdBy>javier</createdBy>
<createdTime>2024-08-26 16:10:52 UTC</createdTime>
<ownerDesignName>Exp1_S3_Javier_Nunez</ownerDesignName>
<engineerTo>
<item key="5976561B-61F4-3221-2C86-79990173C852" value="true"/>
</engineerTo>
<sourcePk>E5D3015C-DC8B-FB26-C444-1C71879AB480</sourcePk>
<identifying>false</identifying>
<nameOnSource>tiene</nameOnSource>
<nameOnTarget>pertenece</nameOnTarget>
<optionalSource>false</optionalSource>
<optionalTarget>false</optionalTarget>
<sourceCardinality>1</sourceCardinality>
<sourceEntity>AAF9E0D1-899D-A374-2A71-C0A069ECCA39</sourceEntity>
<targetCardinalityString>*</targetCardinalityString>
<targetEntity>4A4EB4E1-44CE-5940-925F-FE71EB7ED6D6</targetEntity>
<transferable>true</transferable>
<deleteRule>NO ACTION</deleteRule>
</Relation>