<?xml version = '1.0' encoding = 'UTF-8'?>
<Relation class="oracle.dbtools.crest.model.design.logical.Relation" name="HUERTO - INJERTO" directorySegmentName="seg_0" id="7F338229-A3D6-5638-05DD-1F0B7658F13E">
<createdBy>javier</createdBy>
<createdTime>2024-08-26 17:24:11 UTC</createdTime>
<ownerDesignName>Exp1_S3_Javier_Nunez</ownerDesignName>
<engineerTo>
<item key="5976561B-61F4-3221-2C86-79990173C852" value="true"/>
</engineerTo>
<sourcePk>A953C48F-E135-7B72-86AD-97AF4A0CB963</sourcePk>
<identifying>false</identifying>
<nameOnSource>tiene</nameOnSource>
<nameOnTarget>pertenece</nameOnTarget>
<optionalSource>false</optionalSource>
<optionalTarget>false</optionalTarget>
<sourceCardinality>1</sourceCardinality>
<sourceEntity>4E152746-9D01-1012-5511-7ACAB4B6CB6A</sourceEntity>
<targetCardinalityString>*</targetCardinalityString>
<targetEntity>4A4EB4E1-44CE-5940-925F-FE71EB7ED6D6</targetEntity>
<transferable>true</transferable>
<deleteRule>NO ACTION</deleteRule>
</Relation>