<?xml version = '1.0' encoding = 'UTF-8'?>
<Relation class="oracle.dbtools.crest.model.design.logical.Relation" name="HUERTO - ARBOL" directorySegmentName="seg_0" id="8F26FB84-B5FD-D97C-32A5-31710F078004">
<createdBy>javier</createdBy>
<createdTime>2024-08-26 17:17:59 UTC</createdTime>
<ownerDesignName>Exp1_S3_Javier_Nunez</ownerDesignName>
<engineerTo>
<item key="5976561B-61F4-3221-2C86-79990173C852" value="true"/>
</engineerTo>
<sourcePk>A953C48F-E135-7B72-86AD-97AF4A0CB963</sourcePk>
<targetPk>E5D3015C-DC8B-FB26-C444-1C71879AB480</targetPk>
<identifying>false</identifying>
<nameOnSource>tiene</nameOnSource>
<nameOnTarget>pertenece</nameOnTarget>
<optionalSource>false</optionalSource>
<optionalTarget>false</optionalTarget>
<sourceCardinality>1</sourceCardinality>
<sourceEntity>4E152746-9D01-1012-5511-7ACAB4B6CB6A</sourceEntity>
<targetCardinalityString>*</targetCardinalityString>
<targetEntity>AAF9E0D1-899D-A374-2A71-C0A069ECCA39</targetEntity>
<transferable>true</transferable>
<deleteRule>NO ACTION</deleteRule>
</Relation>